{"stats":{"minecraft:used":{"minecraft:dirt":16,"minecraft:snowball":3,"minecraft:spruce_sapling":1},"minecraft:picked_up":{"minecraft:spruce_sapling":1,"minecraft:snowball":24,"minecraft:dirt":16},"minecraft:mined":{"minecraft:spruce_leaves":74,"minecraft:spruce_log":7,"minecraft:grass_block":6},"minecraft:custom":{"minecraft:jump":140,"minecraft:leave_game":1,"minecraft:time_since_rest":8019,"minecraft:damage_dealt":30,"minecraft:crouch_one_cm":135,"minecraft:sprint_one_cm":18010,"minecraft:play_time":8019,"minecraft:damage_taken":180,"minecraft:time_since_death":8019,"minecraft:walk_one_cm":8295,"minecraft:sneak_time":75,"minecraft:total_world_time":8019,"minecraft:fall_one_cm":3903,"minecraft:fly_one_cm":32230}},"DataVersion":3465}