{"stats":{"minecraft:dropped":{"minecraft:birch_sapling":2,"minecraft:white_carpet":2,"minecraft:feather":2,"minecraft:light_gray_wool":1,"minecraft:dandelion":1},"minecraft:used":{"minecraft:stone_shovel":226,"minecraft:stone_pickaxe":12,"useless_sword:gold_iron_alloy_sword":9,"minecraft:birch_boat":12,"minecraft:wooden_pickaxe":21,"minecraft:composter":4,"minecraft:stonecutter":3,"minecraft:bell":1,"minecraft:polished_blackstone_wall":1,"man:redcandle":1,"minecraft:dirt":254,"minecraft:white_carpet":1,"minecraft:crafting_table":7,"minecraft:white_bed":8,"minecraft:birch_fence":1,"minecraft:iron_hoe":39,"minecraft:wooden_axe":7,"minecraft:bread":4,"minecraft:lectern":1,"minecraft:stone_axe":53,"minecraft:beef":13,"minecraft:porkchop":5,"minecraft:yellow_bed":3},"minecraft:broken":{"minecraft:stone_shovel":1},"minecraft:mined":{"minecraft:white_bed":7,"minecraft:polished_blackstone_wall":1,"minecraft:cobblestone_stairs":1,"minecraft:crafting_table":5,"minecraft:grass_block":166,"man:redcandle":1,"minecraft:lectern":1,"minecraft:tall_grass":2,"minecraft:cobblestone":1,"minecraft:spruce_leaves":3,"minecraft:grindstone":2,"minecraft:composter":4,"minecraft:wall_torch":2,"minecraft:hay_block":37,"minecraft:oak_trapdoor":2,"minecraft:carrots":1,"minecraft:birch_log":11,"minecraft:birch_leaves":1,"minecraft:yellow_bed":3,"minecraft:bell":1,"minecraft:grass":27,"minecraft:oak_log":2,"minecraft:dirt_path":71,"minecraft:dirt":26,"minecraft:stonecutter":3,"minecraft:stone":21,"minecraft:oak_leaves":13},"minecraft:picked_up":{"minecraft:birch_log":11,"minecraft:crafting_table":5,"minecraft:wheat":8,"minecraft:feather":4,"minecraft:chicken":3,"minecraft:leather":7,"minecraft:oak_log":2,"minecraft:yellow_bed":3,"minecraft:cobblestone_stairs":1,"minecraft:oak_trapdoor":2,"minecraft:dirt":254,"minecraft:polished_blackstone_wall":1,"minecraft:apple":1,"minecraft:stonecutter":3,"minecraft:wheat_seeds":4,"minecraft:bell":1,"minecraft:beef":16,"minecraft:grindstone":2,"minecraft:light_gray_wool":1,"minecraft:lectern":1,"minecraft:birch_sapling":4,"minecraft:birch_boat":12,"minecraft:composter":4,"minecraft:torch":2,"minecraft:dandelion":2,"minecraft:porkchop":10,"minecraft:carrot":1,"minecraft:white_bed":7,"man:redcandle":1,"minecraft:hay_block":40,"minecraft:mutton":13,"minecraft:white_wool":10,"minecraft:cobblestone":22},"minecraft:crafted":{"minecraft:oak_planks":8,"minecraft:stone_shovel":2,"minecraft:crafting_table":2,"minecraft:wooden_pickaxe":1,"minecraft:birch_boat":1,"minecraft:birch_planks":44,"minecraft:stone_axe":1,"minecraft:white_carpet":3,"minecraft:bread":39,"minecraft:iron_hoe":1,"minecraft:birch_fence":3,"minecraft:stick":20,"minecraft:stone_pickaxe":1,"minecraft:wooden_axe":1,"minecraft:white_bed":2,"minecraft:wheat":109},"minecraft:killed":{"minecraft:pig":5,"minecraft:sheep":11,"minecraft:chicken":3,"minecraft:cow":8},"minecraft:custom":{"minecraft:mob_kills":27,"minecraft:interact_with_crafting_table":13,"minecraft:bell_ring":35,"minecraft:leave_game":4,"minecraft:time_since_death":57237,"minecraft:sleep_in_bed":4,"minecraft:time_since_rest":8902,"minecraft:sprint_one_cm":275962,"minecraft:damage_taken":130,"minecraft:walk_one_cm":125079,"minecraft:drop":5,"minecraft:damage_dealt":2297,"minecraft:talked_to_villager":3,"minecraft:swim_one_cm":9047,"minecraft:fly_one_cm":249695,"minecraft:open_chest":4,"minecraft:crouch_one_cm":12887,"minecraft:play_time":57237,"minecraft:sneak_time":1612,"minecraft:walk_under_water_one_cm":1864,"minecraft:boat_one_cm":304387,"minecraft:jump":1147,"minecraft:walk_on_water_one_cm":5229,"minecraft:total_world_time":57237,"minecraft:fall_one_cm":21728}},"DataVersion":3465}