{"stats":{"minecraft:dropped":{"minecraft:feather":2},"minecraft:used":{"minecraft:wooden_axe":1,"minecraft:stone_pickaxe":1,"minecraft:wooden_pickaxe":21,"minecraft:birch_boat":11,"minecraft:stone_axe":26,"minecraft:dirt":20,"minecraft:beef":7,"minecraft:crafting_table":4,"minecraft:porkchop":4,"minecraft:white_bed":2},"minecraft:mined":{"minecraft:white_bed":2,"minecraft:birch_log":11,"minecraft:birch_leaves":1,"minecraft:crafting_table":4,"minecraft:grass":6,"minecraft:grass_block":26,"minecraft:spruce_leaves":3,"minecraft:stone":21,"minecraft:oak_leaves":6},"minecraft:picked_up":{"minecraft:birch_log":11,"minecraft:crafting_table":4,"minecraft:feather":2,"minecraft:chicken":1,"minecraft:birch_boat":11,"minecraft:leather":4,"minecraft:porkchop":5,"minecraft:white_bed":2,"minecraft:dirt":24,"minecraft:beef":8,"minecraft:mutton":9,"minecraft:birch_sapling":2,"minecraft:white_wool":7,"minecraft:cobblestone":21},"minecraft:crafted":{"minecraft:crafting_table":1,"minecraft:stick":8,"minecraft:birch_boat":1,"minecraft:wooden_pickaxe":1,"minecraft:stone_pickaxe":1,"minecraft:wooden_axe":1,"minecraft:white_bed":1,"minecraft:birch_planks":44,"minecraft:stone_axe":1},"minecraft:killed":{"minecraft:sheep":7,"minecraft:pig":2,"minecraft:chicken":1,"minecraft:cow":5},"minecraft:custom":{"minecraft:time_since_rest":5067,"minecraft:sprint_one_cm":138580,"minecraft:damage_taken":70,"minecraft:walk_one_cm":39978,"minecraft:mob_kills":15,"minecraft:drop":1,"minecraft:damage_dealt":1298,"minecraft:swim_one_cm":4305,"minecraft:interact_with_crafting_table":4,"minecraft:fly_one_cm":94647,"minecraft:open_chest":2,"minecraft:play_time":26872,"minecraft:sneak_time":61,"minecraft:walk_under_water_one_cm":1711,"minecraft:boat_one_cm":295084,"minecraft:jump":532,"minecraft:leave_game":3,"minecraft:time_since_death":26872,"minecraft:walk_on_water_one_cm":4188,"minecraft:sleep_in_bed":2,"minecraft:total_world_time":26872,"minecraft:fall_one_cm":7031}},"DataVersion":3465}