{"stats":{"minecraft:used":{"minecraft:oak_fence":5,"minecraft:netherite_sword":33,"minecraft:stone_sword":78,"minecraft:spruce_planks":2,"minecraft:shield":4,"minecraft:cooked_chicken":3,"minecraft:torch":7,"minecraft:dirt":240,"minecraft:mutton":8,"minecraft:cobblestone_wall":30,"minecraft:spruce_fence":10,"minecraft:snowball":3,"minecraft:grass_block":2,"minecraft:oak_stairs":28,"minecraft:furnace":3,"minecraft:egg":1,"minecraft:potato":4,"minecraft:cooked_mutton":3,"minecraft:stone_pickaxe":78,"minecraft:oak_planks":50,"minecraft:wooden_pickaxe":25,"minecraft:diamond_axe":1,"man:manfromthefog_spawn_egg":2,"minecraft:mossy_cobblestone":2,"minecraft:crafting_table":9,"minecraft:blast_furnace":1,"minecraft:white_bed":3,"minecraft:oak_log":6,"minecraft:apple":1,"minecraft:bread":2,"minecraft:spruce_sapling":1,"minecraft:stone_axe":31,"minecraft:cobblestone":23,"minecraft:cooked_porkchop":5,"minecraft:oak_boat":4},"minecraft:picked_up":{"minecraft:wooden_axe":1,"minecraft:crafting_table":9,"minecraft:chicken":3,"minecraft:leather_leggings":1,"minecraft:wooden_pickaxe":2,"minecraft:oak_stairs":143,"minecraft:shield":1,"minecraft:string":2,"minecraft:raw_copper":5,"minecraft:spruce_planks":10,"minecraft:beef":7,"minecraft:oak_boat":3,"minecraft:poppy":1,"minecraft:egg":3,"minecraft:furnace":1,"minecraft:tipped_arrow":1,"minecraft:stick":6,"minecraft:oak_fence":1,"minecraft:torch":20,"minecraft:spruce_fence":1,"minecraft:porkchop":26,"minecraft:diorite":57,"minecraft:stone_sword":1,"minecraft:arrow":7,"minecraft:rotten_flesh":5,"minecraft:hay_block":3,"minecraft:white_terracotta":24,"minecraft:mutton":12,"minecraft:cobblestone":250,"minecraft:snowball":24,"minecraft:white_wool":7,"minecraft:stripped_oak_log":12,"minecraft:feather":2,"minecraft:leather":5,"minecraft:potato":10,"minecraft:oak_log":36,"minecraft:golden_boots":1,"minecraft:yellow_bed":5,"minecraft:cobblestone_wall":5,"minecraft:cobblestone_stairs":1,"minecraft:dirt":342,"minecraft:leather_boots":1,"minecraft:bone":4,"minecraft:apple":6,"minecraft:bow":1,"minecraft:wheat_seeds":18,"minecraft:oak_planks":157,"minecraft:oak_slab":1,"minecraft:cooked_porkchop":6,"minecraft:sand":1,"minecraft:spruce_sapling":4,"minecraft:blast_furnace":2,"minecraft:white_bed":4,"minecraft:spruce_log":11,"minecraft:leather_helmet":1,"minecraft:mossy_cobblestone":5,"minecraft:stone_axe":2,"minecraft:oak_sapling":6,"spelunkers_charm:rock":2,"minecraft:black_wool":1,"minecraft:coal":21,"minecraft:bricks":1},"minecraft:killed_by":{"minecraft:creeper":1},"minecraft:killed":{"minecraft:spider":1,"minecraft:skeleton":3,"minecraft:chicken":3,"minecraft:pig":12,"man:manfromthefog":1,"minecraft:sheep":4,"minecraft:zombie":2,"minecraft:stray":2,"minecraft:cow":4},"minecraft:crafted":{"minecraft:oak_planks":120,"minecraft:cooked_chicken":3,"minecraft:furnace":3,"minecraft:bone_meal":3,"minecraft:spruce_fence":9,"minecraft:cooked_mutton":4,"minecraft:stone_pickaxe":2,"minecraft:cobblestone_wall":102,"minecraft:oak_fence":30,"minecraft:wheat":27,"minecraft:cooked_porkchop":26,"minecraft:crafting_table":1,"minecraft:spruce_planks":20,"minecraft:wooden_pickaxe":2,"minecraft:stone_axe":1,"minecraft:air":0,"minecraft:oak_boat":2,"minecraft:stick":44,"minecraft:white_bed":1},"minecraft:mined":{"minecraft:white_bed":4,"minecraft:mossy_cobblestone":3,"minecraft:cobblestone_stairs":1,"minecraft:bubble_column":1,"minecraft:glow_lichen":2,"minecraft:grass_block":145,"minecraft:spruce_fence":3,"minecraft:spruce_leaves":161,"minecraft:hay_block":3,"minecraft:furnace":1,"minecraft:andesite":29,"minecraft:dirt_path":20,"minecraft:oak_stairs":129,"minecraft:stripped_oak_log":12,"minecraft:stone":391,"minecraft:oak_slab":1,"minecraft:glass_pane":5,"minecraft:oak_fence":1,"minecraft:crafting_table":10,"minecraft:torch":1,"minecraft:blast_furnace":1,"minecraft:tall_grass":36,"minecraft:copper_ore":2,"spelunkers_charm:rock_pile_2":1,"minecraft:cobblestone":30,"minecraft:oak_planks":129,"minecraft:diorite":39,"minecraft:wall_torch":6,"minecraft:white_terracotta":23,"minecraft:ice":102,"minecraft:spruce_log":19,"minecraft:yellow_bed":5,"minecraft:grass":148,"minecraft:oak_log":39,"minecraft:coal_ore":21,"minecraft:gravel":1,"minecraft:sand":1,"minecraft:dirt":293,"minecraft:oak_leaves":44},"minecraft:dropped":{"minecraft:golden_boots":1,"minecraft:wheat_seeds":1,"minecraft:diamond_axe":1,"minecraft:cooked_porkchop":21,"minecraft:feather":2,"minecraft:leather":1,"minecraft:stick":1,"minecraft:dirt":1,"minecraft:stone_axe":1,"minecraft:rotten_flesh":3,"minecraft:cooked_mutton":1,"minecraft:poppy":1,"minecraft:shield":1,"spelunkers_charm:rock":2,"minecraft:leather_leggings":1,"minecraft:arrow":6,"minecraft:wooden_pickaxe":2},"minecraft:custom":{"minecraft:mob_kills":34,"minecraft:interact_with_crafting_table":18,"minecraft:leave_game":9,"minecraft:time_since_death":65508,"minecraft:sprint_one_cm":253595,"minecraft:walk_one_cm":364811,"minecraft:damage_blocked_by_shield":195,"minecraft:drop":38,"minecraft:talked_to_villager":8,"minecraft:play_time":150167,"minecraft:deaths":1,"minecraft:sneak_time":10246,"minecraft:walk_under_water_one_cm":22544,"minecraft:boat_one_cm":138001,"minecraft:jump":1662,"minecraft:interact_with_blast_furnace":2,"minecraft:walk_on_water_one_cm":12614,"minecraft:total_world_time":150167,"minecraft:interact_with_furnace":32,"minecraft:sleep_in_bed":2,"minecraft:time_since_rest":65600,"minecraft:damage_taken":1139,"minecraft:damage_dealt":5057,"minecraft:swim_one_cm":5484,"minecraft:fly_one_cm":436003,"minecraft:open_chest":5,"minecraft:crouch_one_cm":29434,"minecraft:fall_one_cm":20765}},"DataVersion":3465}