{"stats":{"minecraft:dropped":{"minecraft:big_dripleaf":1},"minecraft:used":{"minecraft:cooked_mutton":2,"minecraft:diorite":13,"minecraft:stone_sword":4,"minecraft:stone_pickaxe":43,"minecraft:oak_planks":8,"minecraft:wooden_pickaxe":8,"minecraft:birch_boat":6,"minecraft:shield":3,"minecraft:iron_sword":29,"minecraft:cooked_chicken":1,"minecraft:white_wool":2,"minecraft:glow_berries":3,"minecraft:crafting_table":6,"minecraft:wooden_axe":4,"minecraft:iron_pickaxe":213,"minecraft:stone_axe":43,"minecraft:cobblestone":60,"minecraft:furnace":6,"minecraft:cooked_beef":1},"minecraft:mined":{"minecraft:clay":3,"minecraft:crafting_table":4,"minecraft:granite":4,"spelunkers_charm:dead_grass":1,"minecraft:cobblestone":6,"spelunkers_charm:rock_pile_2":1,"minecraft:sugar_cane":3,"minecraft:oak_planks":3,"minecraft:diorite":18,"minecraft:furnace":2,"minecraft:iron_ore":59,"weeping_angels:kontron_ore":2,"minecraft:andesite":12,"minecraft:grass":3,"minecraft:oak_log":5,"minecraft:coal_ore":24,"minecraft:cave_vines":1,"minecraft:gravel":10,"minecraft:dirt":1,"minecraft:bamboo":29,"minecraft:stone":117,"minecraft:white_wool":1},"minecraft:picked_up":{"minecraft:wooden_axe":1,"minecraft:crafting_table":5,"minecraft:feather":4,"minecraft:chicken":2,"minecraft:clay_ball":46,"minecraft:andesite":12,"minecraft:leather":5,"minecraft:wooden_pickaxe":1,"minecraft:birch_planks":30,"minecraft:flint":2,"minecraft:oak_log":11,"minecraft:moss_carpet":6,"man:cassette_1safetyinstructions":1,"weeping_angels:kontron_ingot":2,"minecraft:wheat_seeds":1,"minecraft:beef":10,"minecraft:stone_pickaxe":1,"minecraft:bamboo":269,"minecraft:sugar_cane":5,"minecraft:birch_sapling":2,"minecraft:oak_planks":12,"minecraft:furnace":2,"minecraft:stick":3,"minecraft:raw_iron":59,"minecraft:birch_boat":2,"minecraft:big_dripleaf":2,"minecraft:gravel":8,"minecraft:diorite":13,"minecraft:rotten_flesh":3,"minecraft:stone_axe":1,"minecraft:granite":4,"spelunkers_charm:rock":2,"minecraft:glow_berries":1,"minecraft:mutton":2,"minecraft:coal":24,"minecraft:white_wool":2,"minecraft:cobblestone":126},"minecraft:crafted":{"minecraft:cooked_beef":10,"minecraft:oak_planks":44,"minecraft:crafting_table":2,"minecraft:birch_boat":4,"minecraft:wooden_pickaxe":1,"minecraft:iron_helmet":1,"minecraft:cooked_chicken":1,"minecraft:iron_sword":1,"minecraft:furnace":4,"minecraft:stone_axe":1,"minecraft:cooked_mutton":2,"minecraft:air":0,"minecraft:iron_boots":1,"minecraft:shield":1,"minecraft:iron_axe":1,"minecraft:stick":16,"minecraft:iron_ingot":36,"minecraft:iron_pickaxe":1,"minecraft:stone_pickaxe":1,"minecraft:stone_sword":2},"minecraft:killed":{"minecraft:spider":1,"minecraft:skeleton":1,"minecraft:sheep":1,"minecraft:zombie":8,"minecraft:chicken":1},"minecraft:custom":{"minecraft:interact_with_furnace":72,"minecraft:mob_kills":12,"minecraft:interact_with_crafting_table":24,"minecraft:leave_game":2,"minecraft:time_since_death":26106,"minecraft:climb_one_cm":24,"minecraft:time_since_rest":26138,"minecraft:sprint_one_cm":65939,"minecraft:damage_taken":600,"minecraft:walk_one_cm":74254,"minecraft:damage_blocked_by_shield":95,"minecraft:drop":1,"minecraft:damage_dealt":2188,"minecraft:swim_one_cm":7901,"minecraft:player_kills":2,"minecraft:fly_one_cm":61654,"minecraft:crouch_one_cm":19950,"minecraft:play_time":29727,"minecraft:deaths":1,"minecraft:sneak_time":4653,"minecraft:walk_under_water_one_cm":7267,"minecraft:boat_one_cm":64925,"minecraft:jump":498,"minecraft:walk_on_water_one_cm":6114,"minecraft:total_world_time":29727,"minecraft:fall_one_cm":10082},"minecraft:killed_by":{"minecraft:player":1}},"DataVersion":3465}