{"stats":{"minecraft:broken":{"minecraft:wooden_pickaxe":1,"minecraft:stone_pickaxe":2},"minecraft:used":{"minecraft:oak_fence":1,"minecraft:stone_sword":31,"minecraft:spruce_planks":1,"minecraft:shield":24,"minecraft:iron_sword":21,"minecraft:wooden_shovel":2,"minecraft:cooked_chicken":2,"minecraft:oak_door":2,"minecraft:torch":13,"minecraft:dirt":136,"minecraft:carrot":31,"minecraft:spruce_fence":1,"minecraft:wooden_axe":1,"minecraft:bricks":1,"minecraft:iron_axe":35,"minecraft:oak_stairs":4,"minecraft:light_gray_wool":1,"minecraft:furnace":2,"minecraft:beetroot_seeds":3,"minecraft:egg":2,"minecraft:cooked_mutton":2,"minecraft:diorite":24,"minecraft:stone_pickaxe":302,"minecraft:oak_planks":30,"minecraft:wooden_pickaxe":76,"minecraft:white_wool":3,"minecraft:mossy_cobblestone":5,"minecraft:sand":9,"minecraft:oak_slab":17,"minecraft:crafting_table":7,"minecraft:blast_furnace":1,"minecraft:chicken":2,"minecraft:bread":2,"minecraft:brown_wool":1,"minecraft:spruce_sapling":2,"minecraft:stone_axe":30,"minecraft:cobblestone":88,"minecraft:oak_boat":1,"minecraft:smooth_stone":7},"minecraft:killed":{"minecraft:skeleton":1,"minecraft:chicken":4,"minecraft:iron_golem":2,"minecraft:creeper":1,"minecraft:sheep":2,"minecraft:zombie":3,"minecraft:cow":2},"minecraft:picked_up":{"minecraft:crafting_table":6,"minecraft:wheat":12,"minecraft:chicken":4,"minecraft:oak_stairs":4,"minecraft:raw_copper":4,"minecraft:smooth_stone":7,"minecraft:spruce_planks":1,"minecraft:beef":4,"minecraft:oak_boat":1,"minecraft:poppy":1,"minecraft:light_gray_wool":1,"minecraft:egg":3,"minecraft:furnace":1,"minecraft:stick":4,"minecraft:oak_door":2,"minecraft:oak_fence":1,"minecraft:torch":13,"minecraft:spruce_fence":2,"minecraft:diorite":84,"minecraft:carrot":15,"minecraft:arrow":3,"minecraft:rotten_flesh":3,"minecraft:beetroot_seeds":3,"minecraft:mutton":3,"minecraft:white_wool":4,"minecraft:cobblestone":206,"minecraft:feather":4,"minecraft:leather":1,"minecraft:brown_wool":2,"minecraft:potato":10,"minecraft:oak_log":21,"minecraft:gunpowder":4,"minecraft:cobblestone_stairs":3,"minecraft:lapis_lazuli":12,"minecraft:dirt":230,"minecraft:cooked_mutton":1,"minecraft:bone":3,"minecraft:wheat_seeds":39,"minecraft:iron_ingot":8,"minecraft:oak_planks":11,"minecraft:oak_slab":11,"minecraft:dandelion":1,"minecraft:sand":9,"minecraft:spruce_sapling":2,"minecraft:blast_furnace":1,"minecraft:white_bed":1,"minecraft:spruce_log":5,"minecraft:mossy_cobblestone":8,"minecraft:coal":37,"spelunkers_charm:rock":2,"minecraft:bricks":2},"minecraft:killed_by":{"minecraft:skeleton":1},"minecraft:dropped":{"minecraft:cooked_beef":10,"minecraft:cobblestone":3,"minecraft:bone":1,"minecraft:stone_axe":1,"minecraft:stone_sword":1,"minecraft:cooked_mutton":1,"minecraft:carrot":4,"minecraft:potato":10,"minecraft:shield":2,"minecraft:wooden_pickaxe":1},"minecraft:mined":{"minecraft:spruce_planks":1,"minecraft:white_bed":1,"minecraft:mossy_cobblestone":7,"minecraft:oak_door":2,"minecraft:cobblestone_stairs":3,"minecraft:grass_block":58,"minecraft:spruce_fence":1,"minecraft:brown_wool":2,"minecraft:spruce_leaves":29,"minecraft:smooth_stone":8,"minecraft:furnace":1,"minecraft:carrots":9,"minecraft:potatoes":9,"minecraft:dirt_path":9,"minecraft:oak_stairs":4,"minecraft:stone":120,"minecraft:white_wool":4,"minecraft:oak_slab":8,"minecraft:glass_pane":1,"minecraft:oak_fence":1,"minecraft:crafting_table":6,"minecraft:blast_furnace":1,"minecraft:copper_ore":1,"minecraft:cobblestone":84,"minecraft:lapis_ore":2,"minecraft:oak_planks":11,"minecraft:bricks":2,"minecraft:diorite":101,"minecraft:wall_torch":7,"minecraft:wheat":18,"minecraft:spruce_log":5,"minecraft:grass":11,"minecraft:oak_log":22,"minecraft:coal_ore":37,"minecraft:beetroots":3,"minecraft:gravel":1,"minecraft:sand":9,"minecraft:dirt":180,"minecraft:oak_leaves":6},"minecraft:crafted":{"minecraft:oak_door":3,"minecraft:oak_planks":84,"minecraft:stone_shovel":1,"minecraft:cooked_chicken":3,"minecraft:furnace":1,"minecraft:cooked_mutton":2,"minecraft:iron_axe":1,"minecraft:stone_pickaxe":4,"minecraft:cooked_beef":20,"minecraft:oak_slab":12,"minecraft:wooden_shovel":1,"minecraft:crafting_table":3,"minecraft:spruce_planks":20,"minecraft:wooden_pickaxe":3,"minecraft:iron_sword":1,"minecraft:stone_axe":2,"minecraft:bread":2,"minecraft:air":0,"minecraft:shield":3,"minecraft:stick":28,"minecraft:wooden_axe":1,"minecraft:stone_sword":2},"minecraft:custom":{"minecraft:mob_kills":17,"minecraft:interact_with_crafting_table":29,"minecraft:leave_game":2,"minecraft:time_since_death":63292,"minecraft:sprint_one_cm":169847,"minecraft:walk_one_cm":234998,"minecraft:damage_blocked_by_shield":860,"minecraft:drop":16,"minecraft:talked_to_villager":8,"minecraft:play_time":72736,"minecraft:deaths":1,"minecraft:sneak_time":5005,"minecraft:walk_under_water_one_cm":1061,"minecraft:jump":1216,"minecraft:interact_with_blast_furnace":8,"minecraft:walk_on_water_one_cm":5559,"minecraft:total_world_time":72736,"minecraft:interact_with_furnace":32,"minecraft:time_since_rest":63314,"minecraft:damage_taken":855,"minecraft:damage_dealt":3067,"minecraft:fly_one_cm":257704,"minecraft:open_chest":6,"minecraft:crouch_one_cm":18650,"minecraft:fall_one_cm":22906}},"DataVersion":3465}