{"stats":{"minecraft:dropped":{"minecraft:feather":2,"minecraft:flint":2,"minecraft:wooden_axe":1,"minecraft:moss_carpet":6,"minecraft:rotten_flesh":7,"minecraft:big_dripleaf":2,"minecraft:wooden_pickaxe":1},"minecraft:used":{"minecraft:moss_block":4,"minecraft:stone_sword":4,"minecraft:shield":21,"minecraft:iron_sword":74,"minecraft:cooked_chicken":1,"minecraft:dirt":76,"minecraft:granite":2,"minecraft:wooden_axe":4,"minecraft:iron_axe":7,"spelunkers_charm:rock":1,"minecraft:furnace":8,"minecraft:cooked_beef":9,"minecraft:cobbled_deepslate":8,"minecraft:cooked_mutton":2,"minecraft:water_bucket":18,"minecraft:diorite":13,"minecraft:stone_pickaxe":43,"minecraft:oak_planks":8,"minecraft:birch_boat":6,"minecraft:wooden_pickaxe":8,"minecraft:diamond_axe":16,"minecraft:white_wool":2,"minecraft:glow_berries":3,"minecraft:mossy_cobblestone":5,"minecraft:crafting_table":13,"minecraft:diamond_pickaxe":9,"minecraft:diamond_shovel":127,"minecraft:iron_pickaxe":337,"minecraft:gravel":1,"minecraft:stone_axe":43,"minecraft:chiseled_stone_bricks":1,"minecraft:diamond_sword":9,"minecraft:cobblestone":97,"minecraft:bucket":19},"minecraft:broken":{"minecraft:iron_pickaxe":1},"minecraft:mined":{"minecraft:tuff":1,"weeping_angels:deepslate_kontron_ore":15,"minecraft:mossy_cobblestone":5,"minecraft:deepslate_diamond_ore":16,"minecraft:jungle_leaves":3,"minecraft:granite":6,"minecraft:grass_block":97,"minecraft:moss_block":4,"minecraft:chiseled_stone_bricks":1,"minecraft:spawner":3,"minecraft:furnace":6,"minecraft:iron_ore":69,"minecraft:andesite":12,"minecraft:cave_vines":2,"minecraft:vine":10,"minecraft:dirt_path":18,"minecraft:bamboo":29,"minecraft:azalea":1,"minecraft:stone":147,"minecraft:white_wool":1,"spelunkers_charm:rock_pile_1":1,"minecraft:piston_head":1,"minecraft:crafting_table":11,"minecraft:clay":7,"spelunkers_charm:dead_grass":1,"minecraft:tall_grass":1,"spelunkers_charm:rock_pile_2":1,"minecraft:cobblestone":11,"minecraft:lapis_ore":1,"minecraft:deepslate_gold_ore":9,"minecraft:sugar_cane":3,"minecraft:oak_planks":3,"minecraft:diorite":18,"spelunkers_charm:deepslate_rock_pile_3":1,"weeping_angels:kontron_ore":5,"minecraft:grass":17,"minecraft:oak_log":5,"minecraft:coal_ore":24,"minecraft:gravel":10,"minecraft:dirt":9,"minecraft:cobweb":4,"minecraft:small_dripleaf":1,"minecraft:oak_leaves":10,"minecraft:deepslate":15},"minecraft:picked_up":{"minecraft:wooden_axe":1,"minecraft:crafting_table":12,"minecraft:chicken":2,"minecraft:clay_ball":78,"minecraft:wooden_pickaxe":1,"spelunkers_charm:deepslate_rock":6,"minecraft:string":4,"minecraft:moss_carpet":7,"minecraft:cobbled_deepslate":12,"minecraft:beef":10,"minecraft:poppy":2,"minecraft:sugar_cane":5,"minecraft:birch_sapling":2,"minecraft:furnace":6,"minecraft:raw_iron":74,"minecraft:stick":3,"minecraft:big_dripleaf":2,"minecraft:porkchop":1,"minecraft:diorite":13,"minecraft:rotten_flesh":18,"minecraft:arrow":8,"minecraft:glow_berries":1,"minecraft:mutton":2,"minecraft:white_wool":2,"minecraft:cobblestone":162,"minecraft:feather":4,"minecraft:andesite":12,"minecraft:leather":5,"minecraft:birch_planks":30,"minecraft:flint":2,"minecraft:oak_log":11,"minecraft:dirt":122,"man:cassette_1safetyinstructions":1,"weeping_angels:kontron_ingot":20,"minecraft:bone":5,"minecraft:wheat_seeds":7,"minecraft:raw_gold":9,"minecraft:stone_pickaxe":1,"minecraft:iron_ingot":24,"minecraft:bamboo":269,"minecraft:moss_block":4,"minecraft:oak_planks":12,"minecraft:flowering_azalea":1,"minecraft:birch_boat":2,"minecraft:chiseled_stone_bricks":1,"minecraft:gravel":9,"sophisticatedbackpacks:iron_backpack":1,"minecraft:mossy_cobblestone":5,"minecraft:diamond":16,"minecraft:stone_axe":1,"minecraft:lever":1,"minecraft:granite":6,"spelunkers_charm:rock":3,"minecraft:coal":48},"minecraft:crafted":{"minecraft:oak_planks":44,"minecraft:birch_boat":4,"minecraft:cooked_chicken":1,"minecraft:furnace":4,"minecraft:diamond_shovel":1,"minecraft:cooked_mutton":2,"minecraft:iron_boots":2,"minecraft:iron_axe":1,"minecraft:stone_pickaxe":1,"minecraft:cooked_beef":10,"minecraft:diamond_sword":1,"minecraft:diamond_axe":1,"minecraft:crafting_table":2,"minecraft:wooden_pickaxe":1,"minecraft:iron_helmet":2,"minecraft:iron_sword":1,"minecraft:stone_axe":1,"minecraft:air":0,"minecraft:iron_chestplate":1,"minecraft:diamond_pickaxe":1,"minecraft:shield":1,"minecraft:stick":32,"minecraft:iron_pickaxe":2,"minecraft:iron_ingot":50,"minecraft:stone_sword":2,"minecraft:iron_leggings":1},"minecraft:killed":{"minecraft:spider":1,"minecraft:skeleton":9,"minecraft:panda":1,"minecraft:chicken":1,"minecraft:pig":1,"minecraft:iron_golem":1,"minecraft:bat":1,"minecraft:creeper":1,"minecraft:sheep":1,"minecraft:zombie":11},"minecraft:custom":{"minecraft:mob_kills":29,"minecraft:interact_with_crafting_table":36,"minecraft:bell_ring":54,"minecraft:leave_game":5,"minecraft:time_since_death":67668,"minecraft:climb_one_cm":9917,"minecraft:sprint_one_cm":177708,"minecraft:walk_one_cm":176178,"minecraft:damage_blocked_by_shield":670,"minecraft:drop":9,"minecraft:play_time":71289,"minecraft:deaths":1,"minecraft:sneak_time":7521,"minecraft:walk_under_water_one_cm":16374,"minecraft:boat_one_cm":64925,"minecraft:jump":1411,"minecraft:walk_on_water_one_cm":13761,"minecraft:total_world_time":71289,"minecraft:interact_with_furnace":76,"minecraft:time_since_rest":67700,"minecraft:damage_taken":1023,"minecraft:damage_dealt":6079,"minecraft:swim_one_cm":17247,"minecraft:fly_one_cm":180362,"minecraft:player_kills":2,"minecraft:open_chest":7,"minecraft:crouch_one_cm":31187,"minecraft:fall_one_cm":31704,"minecraft:inspect_dispenser":2},"minecraft:killed_by":{"minecraft:player":1}},"DataVersion":3465}