{"stats":{"minecraft:dropped":{"minecraft:dirt":2,"minecraft:wheat_seeds":1,"minecraft:wooden_axe":3,"minecraft:cooked_porkchop":2,"minecraft:oak_planks":11,"minecraft:wooden_pickaxe":1},"minecraft:used":{"minecraft:wooden_axe":27,"minecraft:stone_sword":14,"minecraft:stone_pickaxe":84,"minecraft:wooden_pickaxe":14,"minecraft:wooden_shovel":46,"minecraft:torch":2,"minecraft:stone_axe":32,"minecraft:cobblestone":4,"minecraft:crafting_table":2,"minecraft:cooked_beef":4},"minecraft:killed":{"minecraft:sheep":3,"minecraft:zombie":5,"minecraft:pig":2,"minecraft:zombie_villager":1,"minecraft:creeper":1,"minecraft:cow":3},"minecraft:crafted":{"minecraft:oak_planks":36,"minecraft:wooden_shovel":1,"minecraft:crafting_table":1,"minecraft:stick":12,"minecraft:wooden_pickaxe":1,"minecraft:stone_pickaxe":1,"minecraft:wooden_axe":1,"minecraft:stone_sword":1,"minecraft:stone_axe":1},"minecraft:custom":{"minecraft:time_since_rest":37772,"minecraft:sprint_one_cm":36726,"minecraft:interact_with_furnace":4,"minecraft:damage_taken":145,"minecraft:walk_one_cm":174258,"minecraft:mob_kills":16,"minecraft:drop":10,"minecraft:damage_dealt":2097,"minecraft:interact_with_crafting_table":6,"minecraft:fly_one_cm":93759,"minecraft:talked_to_villager":2,"minecraft:open_chest":2,"minecraft:crouch_one_cm":8066,"minecraft:play_time":37772,"minecraft:sneak_time":2926,"minecraft:walk_under_water_one_cm":684,"minecraft:boat_one_cm":17777,"minecraft:jump":547,"minecraft:interact_with_blast_furnace":2,"minecraft:leave_game":1,"minecraft:time_since_death":37772,"minecraft:walk_on_water_one_cm":2089,"minecraft:total_world_time":37772,"minecraft:fall_one_cm":9134},"minecraft:mined":{"minecraft:crafting_table":2,"minecraft:torch":3,"minecraft:grass":233,"minecraft:grass_block":2,"minecraft:oak_log":33,"minecraft:dirt":43,"minecraft:cobblestone":17,"minecraft:stone":70,"minecraft:diorite":10,"minecraft:oak_leaves":3,"minecraft:wall_torch":3},"minecraft:picked_up":{"minecraft:wooden_axe":2,"minecraft:crafting_table":2,"minecraft:cooked_beef":10,"minecraft:cooked_porkchop":9,"minecraft:leather":4,"minecraft:torch":7,"minecraft:dandelion":1,"minecraft:porkchop":4,"minecraft:oak_log":33,"minecraft:gunpowder":1,"minecraft:shield":1,"minecraft:diorite":12,"minecraft:dirt":32,"minecraft:rotten_flesh":3,"minecraft:wheat_seeds":29,"minecraft:beef":6,"minecraft:poppy":1,"minecraft:mutton":4,"minecraft:white_wool":3,"minecraft:cobblestone":77,"minecraft:egg":1}},"DataVersion":3465}