{"stats":{"minecraft:used":{"minecraft:wooden_axe":25,"minecraft:stone_sword":21,"minecraft:chicken":1,"minecraft:stone_pickaxe":19,"minecraft:wooden_pickaxe":4,"minecraft:jungle_boat":1,"minecraft:stone_axe":32,"minecraft:dirt":7,"minecraft:mutton":1,"minecraft:crafting_table":4,"minecraft:furnace":1,"minecraft:cooked_porkchop":1,"minecraft:jungle_planks":4},"minecraft:mined":{"minecraft:furnace":1,"minecraft:birch_log":5,"minecraft:crafting_table":4,"minecraft:grass":16,"minecraft:grass_block":8,"minecraft:vine":3,"minecraft:jungle_log":5,"minecraft:dirt":4,"minecraft:tall_grass":1,"minecraft:bamboo":1,"minecraft:stone":18,"minecraft:fern":3,"minecraft:oak_leaves":7},"minecraft:picked_up":{"minecraft:birch_log":5,"minecraft:jungle_boat":1,"minecraft:crafting_table":4,"minecraft:feather":1,"minecraft:chicken":1,"minecraft:jungle_log":5,"minecraft:leather":7,"minecraft:porkchop":3,"minecraft:dirt":10,"minecraft:wheat_seeds":1,"minecraft:beef":8,"minecraft:bamboo":8,"minecraft:oak_sapling":1,"minecraft:mutton":11,"minecraft:furnace":1,"minecraft:white_wool":7,"minecraft:cobblestone":18,"minecraft:egg":1},"minecraft:crafted":{"minecraft:cooked_porkchop":2,"minecraft:crafting_table":1,"minecraft:stick":20,"minecraft:jungle_boat":1,"minecraft:wooden_pickaxe":1,"minecraft:stone_pickaxe":1,"minecraft:wooden_axe":1,"minecraft:stone_sword":1,"minecraft:furnace":1,"minecraft:birch_planks":20,"minecraft:stone_axe":1,"minecraft:jungle_planks":20,"minecraft:air":0},"minecraft:killed":{"minecraft:sheep":7,"minecraft:horse":2,"minecraft:pig":3,"minecraft:chicken":2,"minecraft:cow":6},"minecraft:custom":{"minecraft:time_since_rest":10809,"minecraft:interact_with_furnace":8,"minecraft:sprint_one_cm":57825,"minecraft:damage_taken":40,"minecraft:walk_one_cm":41358,"minecraft:mob_kills":20,"minecraft:damage_dealt":1950,"minecraft:swim_one_cm":2176,"minecraft:interact_with_crafting_table":7,"minecraft:fly_one_cm":84367,"minecraft:crouch_one_cm":226,"minecraft:play_time":10809,"minecraft:walk_under_water_one_cm":773,"minecraft:sneak_time":63,"minecraft:boat_one_cm":8730,"minecraft:jump":498,"minecraft:leave_game":1,"minecraft:walk_on_water_one_cm":534,"minecraft:time_since_death":10809,"minecraft:climb_one_cm":2607,"minecraft:total_world_time":10809,"minecraft:fall_one_cm":11331}},"DataVersion":3465}