{"stats":{"minecraft:dropped":{"minecraft:chicken":1,"minecraft:stone_pickaxe":1},"minecraft:used":{"minecraft:cooked_mutton":7,"minecraft:diorite":2,"minecraft:stone_sword":6,"minecraft:stone_pickaxe":132,"minecraft:wooden_pickaxe":14,"minecraft:shield":26,"minecraft:iron_sword":106,"minecraft:iron_chestplate":1,"minecraft:torch":28,"minecraft:dirt":12,"minecraft:crafting_table":6,"minecraft:white_bed":4,"minecraft:granite":1,"minecraft:iron_pickaxe":133,"minecraft:iron_helmet":1,"minecraft:iron_boots":1,"minecraft:stone_axe":37,"minecraft:magma_block":8,"minecraft:cobblestone":11,"minecraft:furnace":7,"minecraft:cooked_porkchop":4,"minecraft:cooked_beef":2,"minecraft:cobbled_deepslate":25,"minecraft:iron_leggings":1},"minecraft:mined":{"minecraft:tuff":1,"minecraft:white_bed":4,"minecraft:blackstone":1,"minecraft:deepslate_diamond_ore":14,"minecraft:crafting_table":6,"minecraft:granite":1,"minecraft:grass_block":10,"spelunkers_charm:dead_grass":1,"spelunkers_charm:deepslate_geyser":1,"minecraft:diorite":12,"minecraft:spawner":1,"spelunkers_charm:deepslate_geyser_lava":1,"spelunkers_charm:rock_pile_3":1,"minecraft:magma_block":8,"minecraft:furnace":7,"minecraft:birch_log":12,"minecraft:iron_ore":24,"minecraft:cobbled_deepslate":2,"spelunkers_charm:deepslate_rock_pile_3":1,"weeping_angels:kontron_ore":2,"minecraft:birch_leaves":7,"minecraft:grass":3,"minecraft:coal_ore":134,"minecraft:deepslate_iron_ore":8,"minecraft:sand":1,"minecraft:dirt":3,"minecraft:cobweb":4,"minecraft:stone":36,"minecraft:netherrack":1,"minecraft:oak_leaves":1,"minecraft:deepslate":21},"minecraft:picked_up":{"minecraft:birch_log":12,"minecraft:crafting_table":6,"minecraft:magma_block":8,"minecraft:feather":2,"minecraft:chicken":1,"minecraft:leather":6,"minecraft:tuff":1,"minecraft:gunpowder":6,"minecraft:dirt":12,"minecraft:string":4,"weeping_angels:kontron_ingot":1,"minecraft:bone":6,"minecraft:wheat_seeds":2,"minecraft:cobbled_deepslate":26,"minecraft:beef":9,"minecraft:stone_pickaxe":1,"minecraft:birch_sapling":3,"minecraft:furnace":7,"minecraft:stick":3,"minecraft:raw_iron":32,"minecraft:porkchop":4,"minecraft:sand":1,"minecraft:diorite":2,"minecraft:white_bed":4,"minecraft:arrow":5,"minecraft:rotten_flesh":10,"minecraft:diamond":14,"minecraft:granite":1,"spelunkers_charm:rock":10,"minecraft:netherrack":1,"minecraft:mutton":9,"minecraft:coal":454,"minecraft:white_wool":7,"minecraft:cobblestone":35},"minecraft:broken":{"minecraft:stone_pickaxe":1},"minecraft:crafted":{"minecraft:cooked_beef":9,"minecraft:cooked_porkchop":4,"minecraft:crafting_table":1,"minecraft:wooden_pickaxe":1,"minecraft:iron_helmet":1,"minecraft:iron_sword":1,"minecraft:furnace":2,"minecraft:birch_planks":48,"minecraft:stone_axe":1,"minecraft:cooked_mutton":9,"minecraft:air":0,"minecraft:iron_boots":1,"minecraft:iron_chestplate":1,"minecraft:shield":1,"minecraft:stick":24,"minecraft:iron_ingot":32,"minecraft:iron_pickaxe":1,"minecraft:stone_pickaxe":1,"minecraft:stone_sword":1,"minecraft:iron_leggings":1,"minecraft:white_bed":1,"minecraft:torch":64},"minecraft:killed":{"minecraft:pig":3,"minecraft:spider":2,"minecraft:creeper":5,"minecraft:skeleton":8,"minecraft:sheep":7,"minecraft:zombie":9,"minecraft:chicken":1,"minecraft:cow":5},"minecraft:custom":{"minecraft:interact_with_furnace":98,"minecraft:mob_kills":42,"minecraft:interact_with_crafting_table":17,"minecraft:leave_game":3,"minecraft:time_since_death":54279,"minecraft:sleep_in_bed":3,"minecraft:climb_one_cm":979,"minecraft:time_since_rest":20651,"minecraft:sprint_one_cm":161817,"minecraft:damage_taken":997,"minecraft:walk_one_cm":260165,"minecraft:damage_blocked_by_shield":740,"minecraft:drop":2,"minecraft:damage_dealt":6952,"minecraft:swim_one_cm":86163,"minecraft:fly_one_cm":265207,"minecraft:open_chest":2,"minecraft:crouch_one_cm":13418,"minecraft:play_time":56149,"minecraft:sneak_time":5060,"minecraft:deaths":1,"minecraft:walk_under_water_one_cm":7437,"minecraft:jump":1518,"minecraft:walk_on_water_one_cm":11407,"minecraft:total_world_time":56149,"minecraft:fall_one_cm":30859},"minecraft:killed_by":{"minecraft:player":1}},"DataVersion":3465}