{"stats":{"minecraft:dropped":{"minecraft:stone_pickaxe":1},"minecraft:used":{"minecraft:cooked_mutton":5,"minecraft:stone_sword":6,"minecraft:stone_pickaxe":132,"minecraft:shield":9,"minecraft:wooden_pickaxe":14,"minecraft:iron_sword":12,"minecraft:dirt":9,"minecraft:crafting_table":4,"minecraft:white_bed":2,"minecraft:iron_pickaxe":5,"minecraft:stone_axe":31,"minecraft:cobblestone":4,"minecraft:furnace":3},"minecraft:mined":{"minecraft:white_bed":2,"minecraft:crafting_table":4,"minecraft:grass_block":10,"spelunkers_charm:dead_grass":1,"spelunkers_charm:rock_pile_3":1,"minecraft:furnace":3,"minecraft:birch_log":12,"minecraft:iron_ore":8,"weeping_angels:kontron_ore":2,"minecraft:birch_leaves":7,"minecraft:grass":3,"minecraft:coal_ore":103,"minecraft:sand":1,"minecraft:dirt":3,"minecraft:stone":30,"minecraft:netherrack":1},"minecraft:picked_up":{"minecraft:birch_log":12,"minecraft:crafting_table":4,"minecraft:leather":6,"minecraft:gunpowder":1,"minecraft:dirt":12,"weeping_angels:kontron_ingot":1,"minecraft:wheat_seeds":2,"minecraft:beef":9,"minecraft:stone_pickaxe":1,"minecraft:birch_sapling":3,"minecraft:furnace":3,"minecraft:stick":3,"minecraft:raw_iron":8,"minecraft:porkchop":4,"minecraft:sand":1,"minecraft:white_bed":2,"minecraft:rotten_flesh":1,"minecraft:netherrack":1,"spelunkers_charm:rock":10,"minecraft:mutton":9,"minecraft:coal":203,"minecraft:white_wool":7,"minecraft:cobblestone":30},"minecraft:broken":{"minecraft:stone_pickaxe":1},"minecraft:crafted":{"minecraft:cooked_porkchop":4,"minecraft:crafting_table":1,"minecraft:wooden_pickaxe":1,"minecraft:iron_sword":1,"minecraft:furnace":2,"minecraft:birch_planks":48,"minecraft:stone_axe":1,"minecraft:cooked_mutton":7,"minecraft:air":0,"minecraft:shield":1,"minecraft:stick":8,"minecraft:iron_ingot":6,"minecraft:iron_pickaxe":1,"minecraft:stone_pickaxe":1,"minecraft:stone_sword":1,"minecraft:white_bed":1},"minecraft:killed":{"minecraft:pig":3,"minecraft:creeper":2,"minecraft:sheep":7,"minecraft:zombie":2,"minecraft:cow":5},"minecraft:custom":{"minecraft:interact_with_furnace":26,"minecraft:mob_kills":19,"minecraft:interact_with_crafting_table":13,"minecraft:leave_game":1,"minecraft:time_since_death":28986,"minecraft:sleep_in_bed":2,"minecraft:climb_one_cm":979,"minecraft:time_since_rest":5067,"minecraft:sprint_one_cm":119600,"minecraft:damage_taken":410,"minecraft:walk_one_cm":119528,"minecraft:damage_blocked_by_shield":255,"minecraft:drop":1,"minecraft:damage_dealt":2492,"minecraft:swim_one_cm":85424,"minecraft:fly_one_cm":193053,"minecraft:open_chest":2,"minecraft:crouch_one_cm":4505,"minecraft:play_time":30856,"minecraft:deaths":1,"minecraft:sneak_time":2141,"minecraft:walk_under_water_one_cm":5688,"minecraft:jump":931,"minecraft:walk_on_water_one_cm":6300,"minecraft:total_world_time":30856,"minecraft:fall_one_cm":16840},"minecraft:killed_by":{"minecraft:player":1}},"DataVersion":3465}