{"stats":{"minecraft:used":{"minecraft:cooked_mutton":5,"minecraft:stone_sword":53,"minecraft:stone_pickaxe":95,"minecraft:stone_shovel":25,"minecraft:oak_planks":11,"minecraft:wooden_pickaxe":14,"minecraft:birch_boat":12,"minecraft:shield":1,"minecraft:oak_door":1,"minecraft:white_wool":5,"minecraft:torch":14,"minecraft:dirt":49,"minecraft:terracotta":2,"minecraft:crafting_table":10,"minecraft:white_bed":3,"useless_sword:wooden_cactus_sword":14,"minecraft:dark_oak_planks":1,"minecraft:wooden_axe":13,"minecraft:melon_slice":33,"minecraft:iron_pickaxe":49,"minecraft:stone_axe":63,"minecraft:cobblestone":23,"minecraft:oak_sapling":3,"minecraft:furnace":3,"minecraft:cooked_beef":2,"minecraft:orange_terracotta":1,"minecraft:golden_axe":2},"minecraft:dropped":{"minecraft:oak_door":1,"minecraft:stone_axe":1,"minecraft:wheat_seeds":2,"minecraft:stone_sword":1,"minecraft:birch_sapling":6,"minecraft:rotten_flesh":2,"minecraft:granite":2,"minecraft:rail":1,"minecraft:red_terracotta":1,"minecraft:stick":1,"minecraft:wooden_axe":1,"minecraft:stone_bricks":2,"minecraft:wooden_pickaxe":2,"minecraft:string":2,"minecraft:stone_brick_stairs":2},"minecraft:mined":{"minecraft:white_bed":3,"minecraft:orange_terracotta":1,"minecraft:crafting_table":10,"minecraft:torch":4,"minecraft:granite":2,"minecraft:grass_block":17,"minecraft:melon":15,"minecraft:dead_bush":1,"minecraft:cobblestone":1,"minecraft:oak_planks":4,"minecraft:spawner":1,"minecraft:cactus":2,"spelunkers_charm:rock_pile_3":1,"minecraft:red_terracotta":1,"minecraft:furnace":3,"minecraft:birch_log":11,"minecraft:iron_ore":11,"weeping_angels:kontron_ore":11,"minecraft:birch_leaves":2,"minecraft:stone_brick_stairs":1,"minecraft:gold_block":1,"minecraft:grass":7,"minecraft:oak_log":18,"minecraft:coal_ore":33,"minecraft:rail":1,"minecraft:dirt":34,"minecraft:cobweb":2,"minecraft:terracotta":3,"minecraft:bamboo":3,"minecraft:stone":65,"minecraft:stone_bricks":1,"minecraft:gold_ore":12,"minecraft:oak_leaves":12,"minecraft:fern":1,"minecraft:dark_oak_planks":1},"minecraft:picked_up":{"minecraft:birch_log":11,"minecraft:crafting_table":11,"minecraft:chicken":1,"minecraft:leather":13,"minecraft:wooden_pickaxe":1,"minecraft:gold_block":1,"minecraft:stone_brick_stairs":2,"minecraft:oak_log":18,"minecraft:gunpowder":1,"minecraft:dirt":50,"minecraft:string":7,"weeping_angels:kontron_ingot":11,"minecraft:orange_terracotta":1,"minecraft:stone_bricks":2,"minecraft:wheat_seeds":2,"minecraft:raw_gold":12,"minecraft:iron_ingot":1,"minecraft:beef":31,"minecraft:stone_pickaxe":1,"minecraft:bamboo":42,"minecraft:melon_slice":65,"minecraft:birch_sapling":6,"minecraft:oak_planks":4,"minecraft:furnace":3,"minecraft:stick":8,"minecraft:raw_iron":11,"minecraft:birch_boat":13,"minecraft:torch":4,"minecraft:white_bed":3,"minecraft:red_terracotta":1,"minecraft:dark_oak_planks":1,"minecraft:stone_sword":1,"minecraft:cactus":2,"minecraft:rotten_flesh":2,"minecraft:stone_axe":2,"minecraft:granite":2,"minecraft:terracotta":2,"minecraft:oak_sapling":4,"spelunkers_charm:rock":3,"minecraft:mutton":12,"minecraft:coal":33,"minecraft:white_wool":8,"minecraft:rail":1,"minecraft:cobblestone":65},"minecraft:crafted":{"minecraft:cooked_beef":2,"minecraft:oak_door":3,"minecraft:oak_planks":48,"minecraft:stone_shovel":1,"minecraft:crafting_table":2,"minecraft:wooden_pickaxe":1,"minecraft:furnace":1,"sophisticatedbackpacks:crafting_upgrade":1,"minecraft:birch_planks":44,"minecraft:stone_axe":1,"sophisticatedbackpacks:upgrade_base":1,"minecraft:cooked_mutton":5,"minecraft:air":0,"useless_sword:wooden_cactus_sword":1,"minecraft:shield":1,"minecraft:stick":12,"minecraft:iron_ingot":11,"minecraft:iron_pickaxe":1,"minecraft:stone_pickaxe":1,"minecraft:wooden_axe":1,"minecraft:chest":1,"minecraft:white_bed":1,"minecraft:torch":16},"minecraft:killed":{"minecraft:cave_spider":1,"minecraft:spider":1,"minecraft:creeper":2,"minecraft:sheep":8,"minecraft:zombie":3,"minecraft:cow":16},"minecraft:custom":{"minecraft:interact_with_furnace":21,"minecraft:mob_kills":31,"minecraft:interact_with_crafting_table":21,"minecraft:leave_game":4,"minecraft:time_since_death":57044,"minecraft:sleep_in_bed":2,"minecraft:climb_one_cm":7660,"minecraft:time_since_rest":36455,"minecraft:damage_taken":858,"minecraft:sprint_one_cm":215977,"minecraft:walk_one_cm":270168,"minecraft:damage_blocked_by_shield":10,"minecraft:drop":27,"minecraft:damage_dealt":3624,"minecraft:talked_to_villager":1,"minecraft:player_kills":1,"minecraft:swim_one_cm":30871,"minecraft:fly_one_cm":378136,"minecraft:open_chest":5,"minecraft:crouch_one_cm":4347,"minecraft:play_time":62795,"minecraft:deaths":1,"minecraft:sneak_time":1627,"minecraft:walk_under_water_one_cm":10061,"minecraft:boat_one_cm":134342,"minecraft:jump":2077,"minecraft:walk_on_water_one_cm":19782,"minecraft:total_world_time":62795,"minecraft:fall_one_cm":46568},"minecraft:killed_by":{"minecraft:player":1}},"DataVersion":3465}