{"stats":{"minecraft:used":{"minecraft:cooked_mutton":3,"minecraft:stone_sword":48,"minecraft:stone_shovel":11,"minecraft:stone_pickaxe":95,"minecraft:oak_planks":11,"minecraft:wooden_pickaxe":14,"minecraft:oak_door":1,"minecraft:torch":10,"minecraft:dirt":38,"minecraft:crafting_table":9,"minecraft:white_bed":3,"minecraft:dark_oak_planks":1,"minecraft:wooden_axe":13,"minecraft:melon_slice":8,"minecraft:iron_pickaxe":4,"minecraft:stone_axe":56,"minecraft:cobblestone":15,"minecraft:furnace":2,"minecraft:oak_sapling":3,"minecraft:cooked_beef":2},"minecraft:dropped":{"minecraft:oak_door":1,"minecraft:stone_axe":1,"minecraft:wheat_seeds":2,"minecraft:birch_sapling":6,"minecraft:wooden_axe":1,"minecraft:stone_bricks":2,"minecraft:wooden_pickaxe":2,"minecraft:string":2,"minecraft:stone_brick_stairs":2},"minecraft:mined":{"minecraft:white_bed":3,"minecraft:crafting_table":9,"minecraft:torch":1,"minecraft:grass_block":10,"minecraft:melon":15,"minecraft:dead_bush":1,"minecraft:oak_planks":4,"minecraft:spawner":1,"minecraft:cactus":2,"minecraft:furnace":2,"minecraft:birch_log":11,"minecraft:iron_ore":5,"weeping_angels:kontron_ore":1,"minecraft:birch_leaves":2,"minecraft:gold_block":1,"minecraft:stone_brick_stairs":1,"minecraft:grass":3,"minecraft:oak_log":12,"minecraft:coal_ore":33,"minecraft:rail":1,"minecraft:dirt":28,"minecraft:cobweb":2,"minecraft:bamboo":3,"minecraft:stone_bricks":1,"minecraft:stone":58,"minecraft:oak_leaves":9,"minecraft:fern":1,"minecraft:dark_oak_planks":1},"minecraft:picked_up":{"minecraft:birch_log":11,"minecraft:crafting_table":10,"minecraft:chicken":1,"minecraft:leather":9,"minecraft:wooden_pickaxe":1,"minecraft:gold_block":1,"minecraft:stone_brick_stairs":2,"minecraft:oak_log":12,"minecraft:gunpowder":1,"minecraft:string":7,"minecraft:dirt":38,"weeping_angels:kontron_ingot":1,"minecraft:stone_bricks":2,"minecraft:wheat_seeds":2,"minecraft:beef":25,"minecraft:stone_pickaxe":1,"minecraft:bamboo":42,"minecraft:melon_slice":65,"minecraft:birch_sapling":6,"minecraft:oak_planks":4,"minecraft:furnace":2,"minecraft:stick":6,"minecraft:raw_iron":5,"minecraft:birch_boat":1,"minecraft:torch":1,"minecraft:white_bed":3,"minecraft:dark_oak_planks":1,"minecraft:stone_sword":1,"minecraft:cactus":2,"minecraft:rotten_flesh":1,"minecraft:stone_axe":2,"minecraft:oak_sapling":3,"minecraft:rail":1,"minecraft:mutton":10,"minecraft:coal":33,"minecraft:white_wool":7,"minecraft:cobblestone":57},"minecraft:crafted":{"minecraft:cooked_beef":2,"minecraft:oak_door":3,"minecraft:oak_planks":24,"minecraft:stone_shovel":1,"minecraft:crafting_table":1,"minecraft:wooden_pickaxe":1,"minecraft:furnace":1,"minecraft:birch_planks":44,"minecraft:stone_axe":1,"minecraft:cooked_mutton":5,"minecraft:air":0,"minecraft:shield":1,"minecraft:stick":12,"minecraft:iron_ingot":5,"minecraft:iron_pickaxe":1,"minecraft:stone_pickaxe":1,"minecraft:wooden_axe":1,"minecraft:white_bed":1,"minecraft:torch":16},"minecraft:killed":{"minecraft:cave_spider":1,"minecraft:spider":1,"minecraft:creeper":1,"minecraft:sheep":7,"minecraft:zombie":2,"minecraft:cow":12},"minecraft:custom":{"minecraft:interact_with_furnace":17,"minecraft:mob_kills":24,"minecraft:interact_with_crafting_table":13,"minecraft:leave_game":1,"minecraft:time_since_death":25831,"minecraft:sleep_in_bed":2,"minecraft:climb_one_cm":4094,"minecraft:time_since_rest":5242,"minecraft:sprint_one_cm":97835,"minecraft:damage_taken":669,"minecraft:walk_one_cm":165953,"minecraft:drop":19,"minecraft:damage_dealt":2852,"minecraft:swim_one_cm":27849,"minecraft:fly_one_cm":149920,"minecraft:player_kills":1,"minecraft:open_chest":2,"minecraft:crouch_one_cm":2420,"minecraft:play_time":31582,"minecraft:deaths":1,"minecraft:sneak_time":997,"minecraft:walk_under_water_one_cm":6100,"minecraft:boat_one_cm":36692,"minecraft:jump":924,"minecraft:walk_on_water_one_cm":13428,"minecraft:total_world_time":31582,"minecraft:fall_one_cm":19260},"minecraft:killed_by":{"minecraft:player":1}},"DataVersion":3465}