{"stats":{"minecraft:used":{"minecraft:cooked_mutton":3,"minecraft:flint_and_steel":5,"minecraft:stone_pickaxe":88,"minecraft:wooden_pickaxe":14,"minecraft:crafting_table":4,"minecraft:smoker":1,"minecraft:stone_axe":70,"minecraft:golden_sword":48,"minecraft:cobblestone":21,"minecraft:furnace":4,"minecraft:cooked_beef":4},"minecraft:mined":{"minecraft:dark_oak_leaves":2,"minecraft:smoker":1,"minecraft:dark_oak_log":46,"minecraft:crafting_table":4,"minecraft:grass_block":2,"minecraft:melon":1,"spelunkers_charm:rock_pile_2":3,"minecraft:cobblestone":7,"minecraft:sugar_cane":4,"spelunkers_charm:rock_pile_3":3,"minecraft:furnace":4,"minecraft:birch_log":18,"minecraft:iron_ore":5,"weeping_angels:kontron_ore":12,"minecraft:birch_leaves":1,"minecraft:grass":3,"minecraft:coal_ore":24,"minecraft:gravel":1,"minecraft:dirt":4,"minecraft:bamboo":5,"minecraft:stone":44,"spelunkers_charm:rock_pile_1":5,"minecraft:oak_leaves":8},"minecraft:picked_up":{"minecraft:birch_log":18,"minecraft:charcoal":3,"minecraft:crafting_table":4,"minecraft:cooked_beef":2,"minecraft:leather":4,"minecraft:smoker":1,"minecraft:dirt":6,"weeping_angels:kontron_ingot":12,"minecraft:beef":31,"minecraft:light_gray_wool":1,"minecraft:bamboo":42,"minecraft:melon_slice":7,"minecraft:sugar_cane":9,"minecraft:furnace":4,"minecraft:dark_oak_sapling":1,"minecraft:raw_iron":5,"minecraft:dark_oak_log":45,"minecraft:rotten_flesh":2,"spelunkers_charm:rock":13,"minecraft:mutton":3,"minecraft:coal":64,"minecraft:cobblestone":50,"minecraft:white_wool":1},"minecraft:crafted":{"minecraft:cooked_beef":14,"minecraft:crafting_table":1,"minecraft:wooden_pickaxe":1,"minecraft:furnace":2,"minecraft:birch_planks":24,"minecraft:stone_axe":1,"minecraft:cooked_mutton":3,"minecraft:air":0,"minecraft:charcoal":4,"minecraft:shield":1,"minecraft:stick":8,"minecraft:iron_ingot":4,"minecraft:stone_pickaxe":1,"minecraft:smoker":1},"minecraft:killed":{"minecraft:sheep":2,"minecraft:zombie":1,"minecraft:cow":7},"minecraft:custom":{"minecraft:interact_with_furnace":26,"minecraft:mob_kills":10,"minecraft:interact_with_crafting_table":11,"minecraft:leave_game":2,"minecraft:time_since_death":23768,"minecraft:climb_one_cm":528,"minecraft:time_since_rest":23768,"minecraft:sprint_one_cm":109963,"minecraft:damage_taken":100,"minecraft:walk_one_cm":44588,"minecraft:damage_dealt":1061,"minecraft:swim_one_cm":49064,"minecraft:fly_one_cm":204213,"minecraft:open_chest":1,"minecraft:crouch_one_cm":6368,"minecraft:play_time":23768,"minecraft:sneak_time":2211,"minecraft:walk_under_water_one_cm":4195,"minecraft:jump":891,"minecraft:walk_on_water_one_cm":6201,"minecraft:total_world_time":23768,"minecraft:interact_with_smoker":9,"minecraft:fall_one_cm":22901}},"DataVersion":3465}