{"stats":{"minecraft:mined":{"minecraft:oak_slab":7,"minecraft:white_bed":2,"minecraft:glass_pane":2,"minecraft:spruce_planks":6,"minecraft:farmland":3,"minecraft:mossy_cobblestone":6,"minecraft:oak_door":2,"minecraft:cobblestone_stairs":1,"minecraft:dandelion":3,"minecraft:oak_fence":15,"minecraft:crafting_table":5,"minecraft:cornflower":2,"minecraft:torch":3,"minecraft:blast_furnace":1,"minecraft:grass_block":40,"minecraft:spruce_fence":1,"minecraft:chest":2,"minecraft:tall_grass":25,"minecraft:cobblestone":45,"minecraft:spruce_leaves":110,"minecraft:oak_planks":123,"minecraft:sugar_cane":2,"minecraft:composter":1,"minecraft:bricks":1,"minecraft:wall_torch":28,"minecraft:diorite":31,"minecraft:white_terracotta":9,"minecraft:hay_block":11,"minecraft:smooth_stone":3,"minecraft:furnace":1,"minecraft:cobblestone_wall":27,"minecraft:wheat":16,"minecraft:spruce_log":19,"minecraft:light_gray_wool":1,"minecraft:white_carpet":2,"minecraft:yellow_bed":6,"minecraft:grass":85,"minecraft:oak_log":63,"minecraft:dirt_path":16,"minecraft:water_cauldron":4,"minecraft:oak_fence_gate":3,"minecraft:oak_stairs":217,"minecraft:dirt":192,"minecraft:stripped_oak_log":4,"minecraft:stone":71,"minecraft:white_wool":3,"minecraft:oak_leaves":66},"minecraft:custom":{"minecraft:interact_with_furnace":10,"minecraft:mob_kills":34,"minecraft:interact_with_crafting_table":12,"minecraft:leave_game":5,"minecraft:time_since_death":37490,"minecraft:sleep_in_bed":1,"minecraft:time_since_rest":37520,"minecraft:sprint_one_cm":230713,"minecraft:damage_taken":2040,"minecraft:walk_one_cm":166634,"minecraft:drop":12,"minecraft:damage_dealt":3389,"minecraft:swim_one_cm":20224,"minecraft:talked_to_villager":2,"minecraft:fly_one_cm":865753,"minecraft:open_chest":7,"minecraft:crouch_one_cm":36701,"minecraft:play_time":110213,"minecraft:sneak_time":11675,"minecraft:deaths":5,"minecraft:walk_under_water_one_cm":3995,"minecraft:jump":2198,"minecraft:interact_with_blast_furnace":2,"minecraft:walk_on_water_one_cm":7679,"minecraft:total_world_time":110213,"minecraft:fall_one_cm":44478},"minecraft:killed_by":{"man:managgresive":1,"minecraft:creeper":3},"minecraft:broken":{"minecraft:wooden_axe":1},"minecraft:dropped":{"minecraft:stone_axe":2,"minecraft:porkchop":3,"minecraft:wheat_seeds":5,"minecraft:cooked_mutton":1,"minecraft:white_bed":1,"minecraft:mutton":2},"minecraft:picked_up":{"minecraft:crafting_table":5,"minecraft:wheat":5,"minecraft:feather":3,"minecraft:chicken":3,"minecraft:brown_wool":1,"minecraft:leather_leggings":1,"minecraft:leather":9,"minecraft:wooden_pickaxe":1,"minecraft:oak_stairs":93,"minecraft:oak_log":60,"minecraft:yellow_bed":6,"minecraft:golden_boots":1,"minecraft:shield":1,"minecraft:cobblestone_wall":13,"minecraft:cobblestone_stairs":2,"minecraft:cornflower":1,"minecraft:dirt":173,"minecraft:cooked_mutton":2,"minecraft:white_carpet":2,"minecraft:bone":2,"minecraft:wheat_seeds":44,"minecraft:smooth_stone":5,"minecraft:spruce_planks":4,"minecraft:iron_ingot":3,"minecraft:beef":17,"minecraft:oak_fence_gate":3,"minecraft:light_gray_wool":2,"minecraft:sugar_cane":4,"minecraft:chest":2,"minecraft:oak_planks":95,"minecraft:furnace":1,"minecraft:egg":3,"minecraft:stick":2,"minecraft:cooked_porkchop":8,"minecraft:oak_door":6,"minecraft:composter":1,"minecraft:oak_fence":15,"minecraft:torch":24,"minecraft:dandelion":1,"minecraft:spruce_fence":1,"minecraft:porkchop":12,"minecraft:carrot":5,"minecraft:spruce_sapling":3,"minecraft:blast_furnace":1,"minecraft:diorite":29,"minecraft:white_bed":3,"minecraft:spruce_log":19,"minecraft:mossy_cobblestone":4,"minecraft:cauldron":4,"minecraft:arrow":2,"minecraft:rotten_flesh":2,"minecraft:stone_axe":2,"minecraft:hay_block":11,"minecraft:emerald":2,"minecraft:white_terracotta":1,"minecraft:mutton":18,"minecraft:bricks":1,"minecraft:white_wool":15,"minecraft:cobblestone":133},"minecraft:killed":{"minecraft:pig":6,"minecraft:iron_golem":1,"minecraft:sheep":14,"minecraft:skeleton":1,"minecraft:chicken":3,"minecraft:drowned":1,"minecraft:cow":8},"minecraft:crafted":{"minecraft:oak_planks":108,"minecraft:crafting_table":3,"minecraft:spruce_planks":52,"minecraft:wooden_pickaxe":3,"minecraft:bucket":1,"minecraft:stone_axe":3,"minecraft:bread":33,"minecraft:cooked_mutton":1,"minecraft:stick":24,"minecraft:stone_pickaxe":1,"minecraft:wooden_axe":4,"minecraft:wheat":99},"minecraft:used":{"minecraft:cooked_mutton":2,"minecraft:diorite":20,"minecraft:golden_boots":1,"minecraft:water_bucket":3,"minecraft:leather_leggings":1,"minecraft:stone_pickaxe":83,"minecraft:oak_planks":45,"minecraft:chest":1,"minecraft:spruce_planks":20,"minecraft:wooden_pickaxe":42,"minecraft:white_wool":4,"minecraft:torch":12,"minecraft:mossy_cobblestone":2,"minecraft:dirt":157,"minecraft:crafting_table":6,"minecraft:white_bed":1,"minecraft:spruce_fence":1,"minecraft:wooden_axe":79,"minecraft:oak_stairs":11,"minecraft:bread":6,"minecraft:brown_wool":1,"minecraft:spruce_sapling":3,"minecraft:cobblestone":56,"minecraft:stone_axe":109,"minecraft:light_gray_wool":1,"minecraft:porkchop":6,"minecraft:cooked_porkchop":2,"minecraft:bucket":4,"minecraft:yellow_bed":6,"minecraft:smooth_stone":1}},"DataVersion":3465}