{
  "minecraft:recipes/decorations/snow": {
    "criteria": {
      "has_snowball": "2024-05-22 00:17:46 +0000"
    },
    "done": true
  },
  "minecraft:recipes/decorations/crafting_table": {
    "criteria": {
      "unlock_right_away": "2024-05-22 00:14:04 +0000"
    },
    "done": true
  },
  "minecraft:adventure/adventuring_time": {
    "criteria": {
      "minecraft:frozen_river": "2024-05-22 00:16:08 +0000",
      "minecraft:snowy_plains": "2024-05-22 00:14:06 +0000",
      "minecraft:plains": "2024-05-22 00:15:00 +0000"
    },
    "done": false
  },
  "minecraft:recipes/building_blocks/snow_block": {
    "criteria": {
      "has_snowball": "2024-05-22 00:17:46 +0000"
    },
    "done": true
  },
  "DataVersion": 3465
}